[
    {
        "p_rel_url" : "vamsikrishna-boss/AzureProjectWithCICD/refs/heads/main/Resources/athletes.csv",
        "p_folder" : "athletes",
        "p_file" : "athletes.parquet"
    },
    {
        "p_rel_url" : "vamsikrishna-boss/AzureProjectWithCICD/refs/heads/main/Resources/coaches.csv",
        "p_folder" : "coaches",
        "p_file" : "coaches.parquet"
    },
    {
        "p_rel_url" : "vamsikrishna-boss/AzureProjectWithCICD/refs/heads/main/Resources/events.csv",
        "p_folder" : "events",
        "p_file" : "events.parquet"
    }
]